Gabinete,Gabinete Office,80,206.1
Gabinete,Gabinete TGT Jester,100,260.1
Gabinete,Gabinete Rise Mode 06X Glass,130,305.1
Gabinete,Gabinete Rise Mode X5 Glass,139,305.1
Gabinete,Gabinete T-Dagger Cube Black,200,350.1
Gabinete,Gabinete Redragon Wheel Jack White,170,305.1
Gabinete,Gabinete T-Dagger Cube White,200,386.1
Gabinete,Gabinete Darkflash DK100 (Branco),165,350.1
Gabinete,Gabinete Darkflash DK100 (Preto),165,350.1
Gabinete,Gabinete AZZA Spectra,180,350.1
Gabinete,Gabinete AZZA Spectra (Branco),180,350.1
Gabinete,Gabinete Redragon Grapple,200,350.1
Gabinete,Gabinete Gamer 1STPLAYER FD3,149.99,305.1
Gabinete,Gabinete Gamer Mancer WARD ,200,350.1
Gabinete,Gabinete T-Dagger TGC 325B,200,350.1
Gabinete,Gabinete Cooler Master MASTERBOX 500,500,854.1
Gabinete,Gabinete K-MEX CG-01,400,710.1
Gabinete,Gabinete DT3 Hyper View,300,602.1
Gabinete,Gabinete AeroCool Quantum,300,440.1
Gabinete,Gabinete Cooler Master CP 510,250,530.1
Gabinete,Gabinete Cooler Master MasterBox Q300L Mini Tower,250,494.1
Gabinete,Gabinete Cooler Master MasterBox Q500L Mid Tower,300,602.1
Gabinete,Gabinete Corsair 4000D Airflow,580,980.1
Gabinete,Gabinete Cooler Master H100,550,854.1
Gabinete,Gabinete Cooler Master CMP 520,550,854.1
Gabinete,Gabinete T-Dagger Cube White,200,386.1
Gabinete,Gabinete Cooler Master MB520 TG,550,854.1
Gabinete,Gabinete Gamer Rise Mode Galaxy Glass (Rosa),300,746.1
Gabinete,Gabinete Gamer Rise Mode Galaxy Glass (Branco),449,746.1
Gabinete,Gabinete Gamer Rise Mode Galaxy Glass (Preto),380,800.1
Gabinete,Gabinete Gamer Gamemax LUCENT,370,764.1
Gabinete,Gabinete Gamer Cooler Master MASTERBOX 540,730,1160.1
Gabinete,Gabinete Cooler Master TD300 MESH White,530,980.1
Gabinete,Gabinete Cooler Master MASTERBOX MB520 SAKURA,600,980.1
Gabinete,Gabinete NZXT H511 FLOW,470,890.1
Gabinete,GABINETE MASTERCASE MESH H500M,1000,1890
Gabinete,GABINETE MASTERCASE MESH H500P,1000,1890
Gabinete,GABINETE COSMOS C700M,2000,3600
