MOB,H610M ASUS PRIME DDR4,570,846.45
MOB,H610M K GIGABYTE DDR4,560,831.6
MOB,H610M ASROCK DDR4,560,831.6
MOB,B660M GIGABYTE DS3H AX,1190,1767.15
MOB,B660GTA BIOSTAR DDR4,1200,1782
MOB,B660M AORUS PRO DDR4,980,1455.3
MOB,B760 ASROCK PRO RS DDR5 ,1160,1710
MOB,B760M AORUS ELITE DDR5,1260,1871.1
MOB,Z690 MSI TOMAHAWK  (WI-FI E BLUETOOTH INTEGRADO) (DDR4),2499,3373.65
MOB,Z790P MSI PRO (WI-FI E BLUETOOTH INTEGRADO) DDR5,2900,3915
MOB,H510M ASROCK,500,809.1
MOB,H510 MSI,480,800.1
MOB,ASUS PRIME B650M-A,960,1425.6
MOB,MSI B560M PRO,480,712.8
MOB,Z590 GIGABYTE UD,1800,2430
MOB,H310CM ASROCK,250,450
MOB,A320M-A PRO ,300,499.5
MOB,A520M-A PRO,380,632.7
MOB,B450M GIGABYTE ,540,801.9
MOB,ASUS TUF GAMING B550M-PLUS,880,1306.8
MOB,B550M PRO (WI-FI E BLUETOOTH INTEGRADO),740,1098.9
MOB,A620M-HDV ASROCK,830,1232.55
MOB,B650M PLUS ASUS TUF GAMING  ,1400,2079
MOB,B650M K GIGABYTE,1100,1633.5
MOB,B650M DS3H GIGABYTE,1444,2143.8
MOB,B650M GIGABYTE DDR5 (WI-FI E BLUETOOTH INTEGRADO),1520,2257.2
MOB,X670 AORUS ELITE AX (WI-FI 6E E BLUETOOTH INTEGRADO),2300,3132
