RAM,MEMORIA RAM 4GB DDR3,110,170.1
RAM,MEMORIA RAM 8GB DDR3,120,206.1
RAM,MEMORIA RAM 4GB DDR4,95,170.1
RAM,MEMORIA RAM 8GB DDR4,120,206.1
RAM,MEMORIA RAM 16GB DDR4,185,314.1
RAM,MEMORIA RAM 8GB HYPER FURY DDR4,145,260.1
RAM,MEMORIA RAM 16GB HYPER FURY DDR4,270,440.1
RAM,MEMORIA RAM 32GB HYPER FURY DDR4,435,710.1
RAM,MEMORIA RAM 8GB HYPER FURY DDR5,255,404.1
RAM,MEMORIA RAM 16GB HYPER FURY DDR5,430,620.1
RAM,MEMORIA RAM 32GB HYPER FURY DDR5,650,962.1
RAM,MEMORIA RAM 4GB PC3L,55,116.1
RAM,MEMORIA RAM 8GB PC3L,120,260.1
RAM,MEMORIA RAM 32 GB PC4,395,620.1
RAM,MEMORIA RAM 16 GB PC4,280,422.1
RAM,MEMORIA RAM 8GB PC4,150,260.1
RAM,MEMORIA RAM 4GB PC4,75,170.1
RAM,MEMORIA RAM 8GB PC5,250,386.1
RAM,MEMORIA RAM 16GB PC5,450,692.1
